
NonRenewalExplanationPatterns
type,data-set,entityid,code,body,effectivedate,expirationdate
NonRenewalExplanationPattern,0,sample_nr:1,Not offered,"This policy type, <%= Policy.Product.Name %>, is no longer offered.",1/1/2005
NonRenewalExplanationPattern,0,sample_nr:2,High loss,<%= PolicyPeriod.PolicyNumber %> loss was too high,1/1/2005
NonRenewalExplanationPattern,0,sample_nr:3,Insured request,"The primary insured, <%= Policy.Account.AccountHolderContact.DisplayName %>, requested non-renewal.",1/1/2005
