<DiffTree xmlns:xsi="http://www.w3.org/2001/XMLSchema-instance" xsi:noNamespaceSchemaLocation="schema/difftree.xsd">
  <Section label="displaykey.Web.Differences.LOB.Common.PolicyInfo" sortorder="1">
    <RootProperties includefromtype="PolicyPeriod" sortorder="1"/>
    <RootEntity type="PolicyPriNamedInsured" label="displaykey.Web.Differences.LOB.Common.PolicyPriNamedInsured(ENTITY.DisplayName)" sortorder="2"/>
    <RootEntity type="PolicyAddlNamedInsured" label="displaykey.Web.Differences.LOB.Common.PolicyAddlNamedInsured(ENTITY.DisplayName)" sortorder="3"/>
    <RootEntity type="PolicyAddlInterest" showadds="false" showremoves="false" label="displaykey.Web.Differences.LOB.Common.PolicyAddlInterest(ENTITY.DisplayName)" sortorder="4"/>
    <RootEntity type="PolicyBillingContact" label="displaykey.Web.Differences.LOB.Common.PolicyBillingContact(ENTITY.DisplayName)" sortorder="5"/>
    <RootEntity type="PolicyAddress" label="displaykey.Web.Differences.LOB.Common.PolicyAddress(ENTITY.AddressType)" sortorder="6"/>    
    <RootEntity type="PolicyAddlInsured" label="displaykey.Web.Differences.LOB.Common.PolicyAddlInsured(ENTITY.DisplayName)" sortorder="7"/>
    <RootEntity type="PolicyAddlInsuredDetail" label="displaykey.Web.Differences.LOB.Common.PolicyAddlInsuredDetail(ENTITY.DisplayName, ENTITY.AdditionalInsuredType)" sortorder="8"/>
    <RootProperties includefromtype="EffectiveDatedFields" sortorder="9">
      <PropertyDisplay propertyname="OfferingCode" value="ENTITY.getOfferingName(VALUE)"/>
    </RootProperties>
  </Section>
  <Section label="displaykey.Web.Differences.LOB.BOP.Clauses" sortorder="2">
    <RootEntity type="BusinessOwnersCov"/>
    <RootEntity type="BusinessOwnersCond"/>
    <RootEntity type="BusinessOwnersExcl"/>
  </Section>
  <Section label="displaykey.Web.Differences.LOB.Common.LocationsAndBuildings" sortorder="3">
    <RootEntity type="BOPLocation" sortorder="1">
      <Properties includefromtype="PolicyLocation" parentpath="ENTITY.Branch.BOPLine.BOPLocations.firstWhere(\ bl->bl.Location==ENTITY)" sortorder="1"/>
      <Properties includefromtype="BOPLocation" parentpath="ENTITY" sortorder="2"/>
      <Entity type="BOPBuilding" parentpath="ENTITY.BOPLocation" sortorder="3">
        <Properties includefromtype="Building" parentpath="ENTITY.Branch.BOPLine.BOPLocations*.Buildings.firstWhere(\ b -> b.Building == ENTITY)" sortorder="1"/>
        <Properties includefromtype="BuildingImprovement" parentpath="ENTITY.Branch.BOPLine.BOPLocations*.Buildings.firstWhere(\ b -> b.Building == ENTITY.Building)" sortorder="2">
          <PropertyDisplay propertyname="YearAdded" label="displaykey.Web.Differences.LOB.Common.BuildingImprovements(ENTITY.BuildingImprType.DisplayName)"/>
        </Properties>
        <Properties includefromtype="BuildingSide" parentpath="ENTITY.Branch.BOPLine.BOPLocations*.Buildings.firstWhere(\ b -> b.Building == ENTITY.Building)" sortorder="3">
          <PropertyDisplay propertyname="Description" label="displaykey.Web.Differences.LOB.Common.BuildingSides(ENTITY.BuildingSideType.DisplayName)"/>
        </Properties>
        <Properties includefromtype="BOPBuilding" parentpath="ENTITY" sortorder="4"/>
        <SubSection label="displaykey.Web.Differences.LOB.Common.Coverages" sortorder="5">
          <Entity type="entity.BOPBuildingCov" parentpath="ENTITY.BOPBuilding"/>
        </SubSection>
        <Entity type="BOPBldgAddlInterest" parentpath="ENTITY.BOPBuilding" label="displaykey.Web.Differences.LOB.Common.PolicyAddlInterestDetail(ENTITY.DisplayName, ENTITY.AdditionalInterestType)" sortorder="6">
          <Properties includefromtype="BOPBldgAddlInterest" parentpath="ENTITY">
            <PropertyDisplay propertyname="AdditionalInterestType"/>
          </Properties>
        </Entity>
      </Entity>
    </RootEntity>
  </Section>
  <Section label="displaykey.Web.Differences.LOB.Common.Modifiers" sortorder="4">
    <RootEntity type="BOPModifier">
      <Entity type="BOPRateFactor" parentpath="ENTITY.BOPModifier" />
    </RootEntity>
  </Section>
</DiffTree>
