<DiffTree xmlns:xsi="http://www.w3.org/2001/XMLSchema-instance" xsi:noNamespaceSchemaLocation="schema/difftree.xsd">
  <Section label="displaykey.Web.Differences.LOB.Common.PolicyInfo" sortorder="1">
    <RootProperties includefromtype="PolicyPeriod" sortorder="1"/>
    <RootEntity type="PolicyPriNamedInsured" label="displaykey.Web.Differences.LOB.Common.PolicyPriNamedInsured(ENTITY.DisplayName)" sortorder="2"/>
    <RootEntity type="PolicyAddlNamedInsured" label="displaykey.Web.Differences.LOB.Common.PolicyAddlNamedInsured(ENTITY.DisplayName)" sortorder="3"/>
    <RootEntity type="PolicyAddlInsured" label="displaykey.Web.Differences.LOB.Common.PolicyAddlInsured(ENTITY.DisplayName)" sortorder="4"/>
    <RootEntity type="PolicyAddlInsuredDetail" label="displaykey.Web.Differences.LOB.Common.PolicyAddlInsuredDetail(ENTITY.DisplayName, ENTITY.AdditionalInsuredType)" sortorder="5"/>
    <RootEntity type="PolicyAddress" label="displaykey.Web.Differences.LOB.Common.PolicyAddress(ENTITY.AddressType)" sortorder="6"/>
    <RootEntity type="PolicyAddlInterest" showadds="false" showremoves="false" label="displaykey.Web.Differences.LOB.Common.PolicyAddlInterest(ENTITY.DisplayName)" sortorder="7"/>
    <RootProperties includefromtype="entity.BusinessAutoLine" sortorder="8"/>
    <RootProperties includefromtype="EffectiveDatedFields" sortorder="9"/>
  </Section>
  <Section label="displaykey.Web.Differences.LOB.Common.Locations" sortorder="2">
    <RootEntity type="PolicyLocation"/>
  </Section>
  <Section label="displaykey.Web.Differences.LOB.BA.Vehicles" sortorder="3">
    <RootEntity type="BusinessVehicle">
      <Properties includefromtype="BusinessVehicle" parentpath="ENTITY" sortorder="1">
        <ExcludedProperty propertyname="VehicleNumber"/>
      </Properties>
      <SubSection label="displaykey.Web.Differences.LOB.Common.Coverages" sortorder="2">
        <Entity type="BusinessVehicleCov" parentpath="ENTITY.Vehicle"/>
      </SubSection>
      <SubSection label="displaykey.Web.Differences.LOB.Common.Modifiers" sortorder="2">
        <Entity type="BusinessVehicleModifier" parentpath="ENTITY.Vehicle"/>
      </SubSection>
      <Entity type="BAVhcleAddlInterest" parentpath="ENTITY.BAVehicle" label="displaykey.Web.Differences.LOB.Common.PolicyAddlInterestDetail(ENTITY.DisplayName, ENTITY.AdditionalInterestType)" sortorder="3">
        <Properties includefromtype="BAVhcleAddlInterest" parentpath="ENTITY">
          <PropertyDisplay propertyname="AdditionalInterestType" />
        </Properties>
      </Entity>
    </RootEntity>
  </Section>
  <Section label="displaykey.Web.Differences.LOB.BA.Drivers" sortorder="4">
    <RootEntity type="CommercialDriver" label="displaykey.Web.Differences.LOB.Common.PolicyDriver(ENTITY.DisplayName)"/>
  </Section>
  <Section label="displaykey.Web.Differences.LOB.BA.Jurisdictions" sortorder="5">
    <RootEntity type="BAJurisdiction">
      <SubSection label="displaykey.Web.Differences.LOB.BA.Clauses" sortorder="1">
        <Entity type="BAStateCov" parentpath="ENTITY.BAJurisdiction" sortorder="1"/>
        <Entity type="BAStateExcl" parentpath="ENTITY.BAJurisdiction" sortorder="2"/>
        <Entity type="BAStateCond" parentpath="ENTITY.BAJurisdiction" sortorder="3"/>
      </SubSection>
      <SubSection label="displaykey.Web.Differences.LOB.Common.Modifiers" sortorder="2">
        <Entity type="BAJurisModifier" parentpath="ENTITY.Jurisdiction"/>
      </SubSection>
      <Entity type="BAHiredAutoBasis" parentpath="ENTITY.Jurisdiction" sortorder="3"/>
      <Entity type="BANonOwnedBasis" parentpath="ENTITY.Jurisdiction" sortorder="4"/>
    </RootEntity>
  </Section>
  <Section label="displaykey.Web.Differences.LOB.BA.Clauses" sortorder="6">
    <RootEntity type="BusinessAutoCov"/>
    <RootEntity type="BusinessAutoCond"/>
    <RootEntity type="BusinessAutoExcl"/>
  </Section>
  <Section label="displaykey.Web.Differences.LOB.BA.CoveredVehicles" sortorder="7">
    <RootEntity type="entity.CoverageSymbol" label="ENTITY.getCoverageSymbolDiffDisplay()"/> 
  </Section>
  <Section label="displaykey.Web.Differences.LOB.Common.Modifiers" sortorder="4">
    <RootEntity type="BAModifier">
      <Entity type="BARateFactor" parentpath="ENTITY.BAModifier" />
    </RootEntity>
  </Section>
</DiffTree>
