<DiffTree xmlns:xsi="http://www.w3.org/2001/XMLSchema-instance" xsi:noNamespaceSchemaLocation="schema/difftree.xsd">
  <Section label="displaykey.Web.Differences.LOB.Common.PolicyInfo" sortorder="1">
    <RootProperties includefromtype="PolicyPeriod" sortorder="1"/>
    <RootEntity type="PolicyPriNamedInsured" label="displaykey.Web.Differences.LOB.Common.PolicyPriNamedInsured(ENTITY.DisplayName)" sortorder="2"/>
    <RootEntity type="PolicyAddlNamedInsured" label="displaykey.Web.Differences.LOB.Common.PolicyAddlNamedInsured(ENTITY.DisplayName)" sortorder="3"/>
    <RootEntity type="PolicyBillingContact" label="displaykey.Web.Differences.LOB.Common.PolicyBillingContact(ENTITY.DisplayName)" sortorder="4"/>
    <RootEntity type="PolicyAddress" label="displaykey.Web.Differences.LOB.Common.PolicyAddress(ENTITY.AddressType)" sortorder="5"/>
    <RootProperties includefromtype="EffectiveDatedFields" sortorder="6"/>
  </Section>
  <Section label="displaykey.Web.Differences.LOB.Common.Locations" sortorder="2">
    <RootEntity type="PolicyLocation">
      <Properties includefromtype="PolicyLocation" parentpath="ENTITY" sortorder="1"/>
      <Entity type="LocationNamedInsured" parentpath="ENTITY.Location" label="displaykey.Web.Differences.LOB.WC.LocationNamedInsured(ENTITY.DisplayName)" sortorder="2"/>
    </RootEntity>
  </Section>
  <Section label="displaykey.Web.Differences.LOB.WC.Clauses" sortorder="3">
    <RootEntity type="WorkersCompCov" sortorder="1"/>
    <RootEntity type="WorkersCompExcl" sortorder="2"/>
    <RootEntity type="WorkersCompCond" sortorder="3"/>
  </Section>
  <Section label="displaykey.Web.Differences.LOB.WC.Jurisdictions" sortorder="4">
    <RootEntity type="WCJurisdiction">
      <Properties includefromtype="WCJurisdiction" parentpath="ENTITY">
        <PropertyDisplay propertyname="AnniversaryDateInternal" label="displaykey.Web.Differences.LOB.WC.AnniversaryDate" sortorder="1"/>    
      </Properties>
      <SubSection label="displaykey.Web.Differences.LOB.WC.CoveredEmployees" sortorder="2">
        <Entity type="WCCoveredEmployee" parentpath="ENTITY.Jurisdiction" showadds="false" showremoves="false">
          <Properties includefromtype="WCCoveredEmployee" parentpath="ENTITY">
            <PropertyDisplay propertyname="BasisAmount" label="displaykey.Web.Differences.LOB.WC.Basis" value="displaykey.Web.Differences.LOB.WC.CoveredEmpValue(VALUE, ENTITY.EffectiveDate.ShortFormat, ENTITY.ExpirationDate.ShortFormat)" sortorder="1"/>
            <PropertyDisplay propertyname="IfAnyExposure" label="displaykey.Web.Differences.LOB.WC.IfAny" value="displaykey.Web.Differences.LOB.WC.CoveredEmpValue(VALUE, ENTITY.EffectiveDate.ShortFormat, ENTITY.ExpirationDate.ShortFormat)" sortorder="2"/>
            <PropertyDisplay propertyname="NumEmployees" label="displaykey.Web.Differences.LOB.WC.NumEmployees" value="displaykey.Web.Differences.LOB.WC.CoveredEmpValue(VALUE, ENTITY.EffectiveDate.ShortFormat, ENTITY.ExpirationDate.ShortFormat)" sortorder="3"/>
            <PropertyDisplay propertyname="SpecialCov" label="displaykey.Web.Differences.LOB.WC.GovLaw" value="displaykey.Web.Differences.LOB.WC.CoveredEmpValue(VALUE, ENTITY.EffectiveDate.ShortFormat, ENTITY.ExpirationDate.ShortFormat)" sortorder="4"/>
          </Properties>
        </Entity>
        <Entity type="WCCoveredEmployee" parentpath="ENTITY.Jurisdiction" label="displaykey.Web.Differences.LOB.WC.CoveredEmployee(ENTITY.DisplayName, ENTITY.EffectiveDate.ShortFormat, ENTITY.ExpirationDate.ShortFormat)" showchanges="false"/>
      </SubSection>
      <SubSection label="displaykey.Web.Differences.LOB.Common.Coverages" sortorder="3">
        <Entity type="WCStateCov" parentpath="ENTITY.WCJurisdiction" showadds="false" showremoves="false">
          <Properties includefromtype="WCStateCov" parentpath="ENTITY">
            <PropertyDisplay propertyname="ChoiceTerm1" label="displaykey.Web.Differences.LOB.WC.Deductible" value="VALUE != null ? displaykey.Web.Differences.LOB.WC.DeductibleValue(ENTITY.getCovTerm(&quot;WCDeductible&quot;).DisplayValue, ENTITY.EffectiveDate.ShortFormat, ENTITY.ExpirationDate.ShortFormat) : &quot;&quot;"/>
          </Properties>
        </Entity>
        <Entity type="WCStateCov" parentpath="ENTITY.WCJurisdiction" label="displaykey.Web.Differences.LOB.WC.WCStateCov(ENTITY.DisplayName, ENTITY.EffectiveDate.ShortFormat, ENTITY.ExpirationDate.ShortFormat)" showchanges="false"/>
      </SubSection>
      <SubSection label="displaykey.Web.Differences.LOB.Common.Modifiers" sortorder="4">
        <Entity type="WCModifier" parentpath="ENTITY.WCJurisdiction" showadds="false" showremoves="false">
          <Properties includefromtype="WCModifier" parentpath="ENTITY">
            <PropertyDisplay propertyname="RateModifier" label="displaykey.Web.Differences.LOB.WC.RateModifier" value="VALUE != null ? displaykey.Web.Differences.LOB.WC.RateModifierValue(VALUE, ENTITY.EffectiveDate.ShortFormat, ENTITY.ExpirationDate.ShortFormat) : &quot;&quot;" sortorder="1"/>
            <PropertyDisplay propertyname="DateModifier" label="displaykey.Web.Differences.LOB.WC.DateModifier" value="VALUE != null ? displaykey.Web.Differences.LOB.WC.DateModifierValue(VALUE, ENTITY.EffectiveDate.ShortFormat, ENTITY.ExpirationDate.ShortFormat): &quot;&quot;" sortorder="2"/>
            <PropertyDisplay propertyname="TypeKeyModifier" label="displaykey.Web.Differences.LOB.WC.TypeKeyModifier" value="VALUE != null ? displaykey.Web.Differences.LOB.WC.TypeKeyModifierValue(VALUE, ENTITY.EffectiveDate.ShortFormat, ENTITY.ExpirationDate.ShortFormat): &quot;&quot;" sortorder="3"/>
            <PropertyDisplay propertyname="BooleanModifier" label="displaykey.Web.Differences.LOB.WC.BooleanModifier" value="VALUE != null ? displaykey.Web.Differences.LOB.WC.BooleanModifierValue(VALUE, ENTITY.EffectiveDate.ShortFormat, ENTITY.ExpirationDate.ShortFormat): &quot;&quot;" sortorder="4"/>
            <PropertyDisplay propertyname="ValueFinal" label="displaykey.Web.Differences.LOB.WC.ValueFinal" value="VALUE != null ? displaykey.Web.Differences.LOB.WC.ValueFinalValue(VALUE, ENTITY.EffectiveDate.ShortFormat, ENTITY.ExpirationDate.ShortFormat): &quot;&quot;" sortorder="5"/>
            <ExcludedProperty propertyname="Eligible"/>  
          </Properties>
        </Entity>
        <Entity type="WCModifier" parentpath="ENTITY.WCJurisdiction" label="displaykey.Web.Differences.LOB.WC.WCModifier(ENTITY.DisplayName, ENTITY.EffectiveDate.ShortFormat, ENTITY.ExpirationDate.ShortFormat)" showchanges="false"/>
      </SubSection>
    </RootEntity>
  </Section>
  <Section label="displaykey.Web.Differences.LOB.WC.WCOptions" sortorder="5">
    <RootEntity type="PolicyOwnerOfficer" label="displaykey.Web.Differences.LOB.WC.OwnerOfficer(ENTITY.DisplayName)" sortorder="1"/>
    <RootEntity type="PolicyLaborClient" label="displaykey.Web.Differences.LOB.WC.LaborClient(ENTITY.DisplayName)" sortorder="2"/>
    <RootEntity type="PolicyLaborContractor" label="displaykey.Web.Differences.LOB.WC.LaborContractor(ENTITY.DisplayName)" sortorder="3"/>
    <RootEntity type="WCLaborContact" label="ENTITY typeis PolicyLaborClient ?
                                            displaykey.Web.Differences.LOB.WC.LaborClient(ENTITY.DisplayName) :
                                            displaykey.Web.Differences.LOB.WC.LaborContractor(ENTITY.DisplayName)" showadds="false" showremoves="false" sortorder="4">
      <Properties includefromtype="WCLaborContactDetail" parentpath="ENTITY.WCLaborContact" sortorder="5"/>
    </RootEntity>
    <Section label="displaykey.Web.Differences.LOB.WC.ExcludedWorkplace" sortorder="6">
      <RootEntity type="WCExcludedWorkplace"/>
    </Section>
    <Section label="displaykey.Web.Differences.LOB.WC.FederalLiability" sortorder="7">
      <RootEntity type="WCFedCoveredEmployee"/>
    </Section>
    <Section label="displaykey.Web.Differences.LOB.WC.WaiverSubro" sortorder="8">
      <RootEntity type="WCWaiverOfSubro"/>
    </Section>
    <RootEntity type="InclusionPerson" label="displaykey.Web.Differences.LOB.WC.InclusionPerson(ENTITY.DisplayName)" sortorder="9"/>
    <RootEntity type="WCRetrospectiveRatingPlan" label="displaykey.Web.Differences.LOB.WC.RetrospectiveRating(ENTITY.DisplayName)" sortorder="10"/>
    <Section label="displaykey.Web.Differences.LOB.WC.AircraftSeat" sortorder="11">
      <RootEntity type="WCAircraftSeat"/>
    </Section>
    <RootEntity type="WCParticipatingPlan" label="displaykey.Web.Differences.LOB.WC.ParticipatingPlan(ENTITY.DisplayName)" sortorder="12"/>
    <RootProperties includefromtype="entity.WorkersCompLine" sortorder="13">
      <ExcludedProperty propertyname="ParticipatingPlan"/>
    </RootProperties>
  </Section>
</DiffTree>