<?xml version="1.0" encoding="UTF-8"?>

<serialization
   xmlns="http://guidewire.com/xml"
   xmlns:tns="http://guidewire.com/xml"
   xmlns:xsd="http://www.w3.org/1999/XMLSchema"
   xmlns:xsi="http://www.w3.org/1999/XMLSchema-instance">
  <ResourceContextMap>
    <mappings length="92" xsi:type="ResourceContextMapping">
      <item-0 res-id="Plugins.addressbook.ContactConverter" xsi:type="ResourceContextMapping">
        <ctxs length="0"/>
      </item-0>
      <item-1 res-id="perfactions.WCPerfActionUtil" xsi:type="ResourceContextMapping">
        <ctxs length="0"/>
      </item-1>
      <item-2 res-id="Plugins.addressbook.AdditionalNamedCompanyConverter" xsi:type="ResourceContextMapping">
        <ctxs length="0"/>
      </item-2>
      <item-3 res-id="SmokeTests.Common.CurrencyMethods" xsi:type="ResourceContextMapping">
        <ctxs length="0"/>
      </item-3>
      <item-4 res-id="gw.test.agency.AssignedIdentifier" xsi:type="ResourceContextMapping">
        <ctxs length="0"/>
      </item-4>
      <item-5 res-id="gw.amsi.BusinessTypeLookup" xsi:type="ResourceContextMapping">
        <ctxs length="0"/>
      </item-5>
      <item-6 res-id="Plugins.addressbook.AddInterestCompanyConverter" xsi:type="ResourceContextMapping">
        <ctxs length="0"/>
      </item-6>
      <item-7 res-id="gw.amsi.lookup.AutoIncreaseLookup" xsi:type="ResourceContextMapping">
        <ctxs length="0"/>
      </item-7>
      <item-8 res-id="gw.amsi.ProducerConverter" xsi:type="ResourceContextMapping">
        <ctxs length="0"/>
      </item-8>
      <item-9 res-id="gw.amsi.NameInfoConverter" xsi:type="ResourceContextMapping">
        <ctxs length="0"/>
      </item-9>
      <item-10 res-id="gw.test.agency.AdditionalInterestInfoBuilder" xsi:type="ResourceContextMapping">
        <ctxs length="0"/>
      </item-10>
      <item-11 res-id="perfactions.LOBPerfActionUtil" xsi:type="ResourceContextMapping">
        <ctxs length="0"/>
      </item-11>
      <item-12 res-id="a.Bar" xsi:type="ResourceContextMapping">
        <ctxs length="0"/>
      </item-12>
      <item-13 res-id="gw.policy.PolicyFile" xsi:type="ResourceContextMapping">
        <ctxs length="0"/>
      </item-13>
      <item-14 res-id="gw.test.agency.QuestionAnswerBuilder" xsi:type="ResourceContextMapping">
        <ctxs length="0"/>
      </item-14>
      <item-15 res-id="gw.amsi.converter.CommlPolicySupplementConverter" xsi:type="ResourceContextMapping">
        <ctxs length="0"/>
      </item-15>
      <item-16 res-id="gw.questions.QuestionUtil" xsi:type="ResourceContextMapping">
        <ctxs length="0"/>
      </item-16>
      <item-17 res-id="Plugins.addressbook.AddInterestPersonConverter" xsi:type="ResourceContextMapping">
        <ctxs length="0"/>
      </item-17>
      <item-18 res-id="gw.statreport.wcio.WCIOStatReportUtil" xsi:type="ResourceContextMapping">
        <ctxs length="0"/>
      </item-18>
      <item-19 res-id="gw.amsi.BaseCoverageBuilder" xsi:type="ResourceContextMapping">
        <ctxs length="0"/>
      </item-19>
      <item-20 res-id="gw.test.agency.EmailInfoBuilder" xsi:type="ResourceContextMapping">
        <ctxs length="0"/>
      </item-20>
      <item-21 res-id="gw.amsi.InterestTypeLookup" xsi:type="ResourceContextMapping">
        <ctxs length="0"/>
      </item-21>
      <item-22 res-id="gw.amsi.BaseStateLevelCoverageBuilder" xsi:type="ResourceContextMapping">
        <ctxs length="0"/>
      </item-22>
      <item-23 res-id="gw.amsi.StateLookup" xsi:type="ResourceContextMapping">
        <ctxs length="0"/>
      </item-23>
      <item-24 res-id="Note" xsi:type="ResourceContextMapping">
        <ctxs length="0"/>
      </item-24>
      <item-25 res-id="SmokeTests.Common.DropdownMethods" xsi:type="ResourceContextMapping">
        <ctxs length="0"/>
      </item-25>
      <item-26 res-id="SmokeTests.Submission.UMBMethods" xsi:type="ResourceContextMapping">
        <ctxs length="0"/>
      </item-26>
      <item-27 res-id="gw.job.ReinstatementUtil" xsi:type="ResourceContextMapping">
        <ctxs length="0"/>
      </item-27>
      <item-28 res-id="gw.rating.RatingCP" xsi:type="ResourceContextMapping">
        <ctxs length="0"/>
      </item-28>
      <item-29 res-id="gw.policyperiod.PolicyPeriodUtil" xsi:type="ResourceContextMapping">
        <ctxs length="0"/>
      </item-29>
      <item-30 res-id="gw.lookup.NotificationConfigUtil" xsi:type="ResourceContextMapping">
        <ctxs length="0"/>
      </item-30>
      <item-31 res-id="perfactions.PCPerfActionUtil" xsi:type="ResourceContextMapping">
        <ctxs length="0"/>
      </item-31>
      <item-32 res-id="SmokeTests.Submission.CPPMethods" xsi:type="ResourceContextMapping">
        <ctxs length="0"/>
      </item-32>
      <item-33 res-id="gw.statreport.wcio.WCIOStatReportPopulator" xsi:type="ResourceContextMapping">
        <ctxs length="0"/>
      </item-33>
      <item-34 res-id="gw.amsi.builder.BOPPersonalPropCovBuilder" xsi:type="ResourceContextMapping">
        <ctxs length="0"/>
      </item-34>
      <item-35 res-id="gw.amsi.BOPBuildingCovBuilder" xsi:type="ResourceContextMapping">
        <ctxs length="0"/>
      </item-35>
      <item-36 res-id="gw.amsi.BaseLineLevelCoverageBuilder" xsi:type="ResourceContextMapping">
        <ctxs length="0"/>
      </item-36>
      <item-37 res-id="gw.test.agency.AlarmAndSecurityBuilder" xsi:type="ResourceContextMapping">
        <ctxs length="0"/>
      </item-37>
      <item-38 res-id="gw.coverage.Monthsbetween" xsi:type="ResourceContextMapping">
        <ctxs length="0"/>
      </item-38>
      <item-39 res-id="gw.amsi.TaxIdentityConverter" xsi:type="ResourceContextMapping">
        <ctxs length="0"/>
      </item-39>
      <item-40 res-id="gw.amsi.AlarmTypeLookup" xsi:type="ResourceContextMapping">
        <ctxs length="0"/>
      </item-40>
      <item-41 res-id="gw.test.agency.BldgImprovementsBuilder" xsi:type="ResourceContextMapping">
        <ctxs length="0"/>
      </item-41>
      <item-42 res-id="gw.amsi.BOPPolicyQuoteInqRqConverterTest" xsi:type="ResourceContextMapping">
        <ctxs length="0"/>
      </item-42>
      <item-43 res-id="perfactions.BAPerfActionUtil" xsi:type="ResourceContextMapping">
        <ctxs length="0"/>
      </item-43>
      <item-44 res-id="SmokeTests.Job.Renewal.CommonRenewalMethods" xsi:type="ResourceContextMapping">
        <ctxs length="0"/>
      </item-44>
      <item-45 res-id="Plugins.addressbook.AdditionalNamedPersonConverter" xsi:type="ResourceContextMapping">
        <ctxs length="0"/>
      </item-45>
      <item-46 res-id="SmokeTests.Submission.BAPMethods" xsi:type="ResourceContextMapping">
        <ctxs length="0"/>
      </item-46>
      <item-47 res-id="gw.amsi.ProducerSelectionCoverter" xsi:type="ResourceContextMapping">
        <ctxs length="0"/>
      </item-47>
      <item-48 res-id="gw.policy.RPSDAddingosu" xsi:type="ResourceContextMapping">
        <ctxs length="0"/>
      </item-48>
      <item-49 res-id="gw.amsi.BaseEULevelCoverageBuilder" xsi:type="ResourceContextMapping">
        <ctxs length="0"/>
      </item-49>
      <item-50 res-id="gw.amsi.BuildingSideTypeLookup" xsi:type="ResourceContextMapping">
        <ctxs length="0"/>
      </item-50>
      <item-51 res-id="gw.test.agency.AdditionalInterestBuilder" xsi:type="ResourceContextMapping">
        <ctxs length="0"/>
      </item-51>
      <item-52 res-id="gw.amsi.CountryLookup" xsi:type="ResourceContextMapping">
        <ctxs length="0"/>
      </item-52>
      <item-53 res-id="SmokeTests.StatReport.CommonStatReportMethods" xsi:type="ResourceContextMapping">
        <ctxs length="0"/>
      </item-53>
      <item-54 res-id="gw.amsi.builder.BOPMoneySecCovBuilder" xsi:type="ResourceContextMapping">
        <ctxs length="0"/>
      </item-54>
      <item-55 res-id="gw.amsi.BOPPolicyQuoteInqRqConverter" xsi:type="ResourceContextMapping">
        <ctxs length="0"/>
      </item-55>
      <item-56 res-id="gw.statreport.wcio.WCIODeductibleInfo" xsi:type="ResourceContextMapping">
        <ctxs length="0"/>
      </item-56>
      <item-57 res-id="gw.form.ExternalFormUtil" xsi:type="ResourceContextMapping">
        <ctxs length="0"/>
      </item-57>
      <item-58 res-id="gw.amsi.TaxIdentityConverterTest" xsi:type="ResourceContextMapping">
        <ctxs length="0"/>
      </item-58>
      <item-59 res-id="gw.test.agency.FormattedNumber" xsi:type="ResourceContextMapping">
        <ctxs length="0"/>
      </item-59>
      <item-60 res-id="SmokeTests.Submission.WCMethods" xsi:type="ResourceContextMapping">
        <ctxs length="0"/>
      </item-60>
      <item-61 res-id="gw.amsi.CommlCoverageConverter" xsi:type="ResourceContextMapping">
        <ctxs length="0"/>
      </item-61>
      <item-62 res-id="perfactions.BOPPerfActionUtil" xsi:type="ResourceContextMapping">
        <ctxs length="0"/>
      </item-62>
      <item-63 res-id="gw.amsi.LocationConverterTest" xsi:type="ResourceContextMapping">
        <ctxs length="0"/>
      </item-63>
      <item-64 res-id="gw.test.agency.ConstructionBuilder" xsi:type="ResourceContextMapping">
        <ctxs length="0"/>
      </item-64>
      <item-65 res-id="gw.test.agency.PhoneInfoBuilder" xsi:type="ResourceContextMapping">
        <ctxs length="0"/>
      </item-65>
      <item-66 res-id="gw.amsi.ConstructionTypeLookup" xsi:type="ResourceContextMapping">
        <ctxs length="0"/>
      </item-66>
      <item-67 res-id="gw.amsi.AMSIAPI" xsi:type="ResourceContextMapping">
        <ctxs length="0"/>
      </item-67>
      <item-68 res-id="SmokeTests.Submission.BOPMethods" xsi:type="ResourceContextMapping">
        <ctxs length="0"/>
      </item-68>
      <item-69 res-id="gw.test.agency.BldgOccupancyBuilder" xsi:type="ResourceContextMapping">
        <ctxs length="0"/>
      </item-69>
      <item-70 res-id="gw.policy.PolicyPeriodUtil" xsi:type="ResourceContextMapping">
        <ctxs length="0"/>
      </item-70>
      <item-71 res-id="gw.agency.AccountBuilder" xsi:type="ResourceContextMapping">
        <ctxs length="0"/>
      </item-71>
      <item-72 res-id="gw.test.agency.BldgProtectionBuilder" xsi:type="ResourceContextMapping">
        <ctxs length="0"/>
      </item-72>
      <item-73 res-id="perfactions.UmbrellaPerfActionUtil" xsi:type="ResourceContextMapping">
        <ctxs length="0"/>
      </item-73>
      <item-74 res-id="gw.test.agency.WebsiteInfoBuilder" xsi:type="ResourceContextMapping">
        <ctxs length="0"/>
      </item-74>
      <item-75 res-id="SmokeTests.Submission.PAPMethods" xsi:type="ResourceContextMapping">
        <ctxs length="0"/>
      </item-75>
      <item-76 res-id="gw.amsi.EffectivenessGradeLookup" xsi:type="ResourceContextMapping">
        <ctxs length="0"/>
      </item-76>
      <item-77 res-id="gw.job.JobUtil" xsi:type="ResourceContextMapping">
        <ctxs length="0"/>
      </item-77>
      <item-78 res-id="gw.amsi.AccountBuilderTest" xsi:type="ResourceContextMapping">
        <ctxs length="0"/>
      </item-78>
      <item-79 res-id="gw.umbrella.InternalUnderlyingUtil" xsi:type="ResourceContextMapping">
        <ctxs length="0"/>
      </item-79>
      <item-80 res-id="gw.amsi.CommlPolicyConverter" xsi:type="ResourceContextMapping">
        <ctxs length="0"/>
      </item-80>
      <item-81 res-id="gw.amsi.OfficialIDTypeLookup" xsi:type="ResourceContextMapping">
        <ctxs length="0"/>
      </item-81>
      <item-82 res-id="gw.amsi.CommlSubLocationConverterTest" xsi:type="ResourceContextMapping">
        <ctxs length="0"/>
      </item-82>
      <item-83 res-id="gw.auto.HiredNonownedUtil" xsi:type="ResourceContextMapping">
        <ctxs length="0"/>
      </item-83>
      <item-84 res-id="gw.amsi.builder.AccountBuilder" xsi:type="ResourceContextMapping">
        <ctxs length="0"/>
      </item-84>
      <item-85 res-id="gw.test.agency.BldgExposuresBuilder" xsi:type="ResourceContextMapping">
        <ctxs length="0"/>
      </item-85>
      <item-86 res-id="SmokeTests.Job.CommonJobMethods" xsi:type="ResourceContextMapping">
        <ctxs length="0"/>
      </item-86>
      <item-87 res-id="gw.job.CancellationUtil" xsi:type="ResourceContextMapping">
        <ctxs length="0"/>
      </item-87>
      <item-88 res-id="gw.amsi.DetailAddrConverter" xsi:type="ResourceContextMapping">
        <ctxs length="0"/>
      </item-88>
      <item-89 res-id="gw.test.agency.CommlSubLocationBuilder" xsi:type="ResourceContextMapping">
        <ctxs length="0"/>
      </item-89>
      <item-90 res-id="gw.amsi.builder.BOPLLiabilityCovBuilder" xsi:type="ResourceContextMapping">
        <ctxs length="0"/>
      </item-90>
      <item-91 res-id="gw.amsi.AccountOrgTypeLookup" xsi:type="ResourceContextMapping">
        <ctxs length="0"/>
      </item-91>
    </mappings>
  </ResourceContextMap>
</serialization>