<?xml version="1.0" encoding="UTF-8" ?>
<!--
 Licensed to the Apache Software Foundation (ASF) under one or more
 contributor license agreements.  See the NOTICE file distributed with
 this work for additional information regarding copyright ownership.
 The ASF licenses this file to You under the Apache License, Version 2.0
 (the "License"); you may not use this file except in compliance with
 the License.  You may obtain a copy of the License at

     http://www.apache.org/licenses/LICENSE-2.0

 Unless required by applicable law or agreed to in writing, software
 distributed under the License is distributed on an "AS IS" BASIS,
 WITHOUT WARRANTIES OR CONDITIONS OF ANY KIND, either express or implied.
 See the License for the specific language governing permissions and
 limitations under the License.
-->

<!--
 This is the Solr schema file. This file should be named "schema.xml" and
 should be in the conf directory under the solr home
 (i.e. ./solr/conf/schema.xml by default)
 or located where the classloader for the Solr webapp can find it.

 This example schema is the recommended starting point for users.
 It should be kept correct and concise, usable out-of-the-box.

 For more information, on how to customize this file, please see
 http://wiki.apache.org/solr/SchemaXml

 PERFORMANCE NOTE: this schema includes many optional features and should not
 be used for benchmarking.  To improve performance one could
  - set stored="false" for all fields possible (esp large fields) when you
    only need to search on the field but don't need to return the original
    value.
  - set indexed="false" if you don't need to search on the field, but only
    return the field as a result of searching on other indexed fields.
  - remove all unneeded copyField statements
  - for best index size and searching performance, set "index" to false
    for all general text fields, use copyField to copy them to the
    catchall "text" field, and use that for searching.
  - For maximum indexing performance, use the StreamingUpdateSolrServer
    java client.
  - Remember to run the JVM in server mode, and use a higher logging level
    that avoids logging every request
-->

<schema name="policy" version="1.5">
    <!-- attribute "name" is the name of this schema and is only used for display purposes.
      Applications should change this to reflect the nature of the search collection.
      version="x.y" is Solr's version number for the schema syntax and semantics.  It should
      not normally be changed by applications.
      1.0: multiValued attribute did not exist, all fields are multiValued by nature
      1.1: multiValued attribute introduced, false by default
      1.2: omitTermFreqAndPositions attribute introduced, true by default except for text fields.
      1.3: removed optional field compress feature
      1.4: default auto-phrase (QueryParser feature) to off
      1.5: omitNorms defaults to true for primitive field types (int, float, boolean, string...)
    -->

    <types>
        <!-- field type definitions. The "name" attribute is
           just a label to be used by field definitions.  The "class"
           attribute and any other attributes determine the real
           behavior of the fieldType.
             Class names starting with "solr" refer to java classes in the
           org.apache.solr.analysis package.
        -->

        <!-- The StrField type is not analyzed, but indexed/stored verbatim. -->
        <fieldType name="string" class="solr.StrField" sortMissingLast="true"/>

        <!-- boolean type: "true" or "false" -->
        <fieldType name="boolean" class="solr.BoolField" sortMissingLast="true"/>
        <!--Binary data type. The data should be sent/retrieved in as Base64 encoded Strings -->
        <fieldtype name="binary" class="solr.BinaryField"/>

        <!-- The optional sortMissingLast and sortMissingFirst attributes are
             currently supported on types that are sorted internally as strings
             and on numeric types.
               This includes "string","boolean", and, as of 3.5 (and 4.x),
               int, float, long, date, double, including the "Trie" variants.
           - If sortMissingLast="true", then a sort on this field will cause documents
             without the field to come after documents with the field,
             regardless of the requested sort order (asc or desc).
           - If sortMissingFirst="true", then a sort on this field will cause documents
             without the field to come before documents with the field,
             regardless of the requested sort order.
           - If sortMissingLast="false" and sortMissingFirst="false" (the default),
             then default lucene sorting will be used which places docs without the
             field first in an ascending sort and last in a descending sort.
        -->

        <!--
          Default numeric field types. For faster range queries, consider the tint/tfloat/tlong/tdouble types.
        -->
        <fieldType name="int" class="solr.TrieIntField" precisionStep="0" positionIncrementGap="0"/>
        <fieldType name="float" class="solr.TrieFloatField" precisionStep="0" positionIncrementGap="0"/>
        <fieldType name="long" class="solr.TrieLongField" precisionStep="0" positionIncrementGap="0"/>
        <fieldType name="double" class="solr.TrieDoubleField" precisionStep="0" positionIncrementGap="0"/>

        <!--
         Numeric field types that index each value at various levels of precision
         to accelerate range queries when the number of values between the range
         endpoints is large. See the javadoc for NumericRangeQuery for internal
         implementation details.

         Smaller precisionStep values (specified in bits) will lead to more tokens
         indexed per value, slightly larger index size, and faster range queries.
         A precisionStep of 0 disables indexing at different precision levels.
        -->
        <fieldType name="tint" class="solr.TrieIntField" precisionStep="8" positionIncrementGap="0"/>
        <fieldType name="tfloat" class="solr.TrieFloatField" precisionStep="8" positionIncrementGap="0"/>
        <fieldType name="tlong" class="solr.TrieLongField" precisionStep="8" positionIncrementGap="0"/>
        <fieldType name="tdouble" class="solr.TrieDoubleField" precisionStep="8" positionIncrementGap="0"/>

        <!-- The format for this date field is of the form 1995-12-31T23:59:59Z, and
           is a more restricted form of the canonical representation of dateTime
           http://www.w3.org/TR/xmlschema-2/#dateTime
           The trailing "Z" designates UTC time and is mandatory.
           Optional fractional seconds are allowed: 1995-12-31T23:59:59.999Z
           All other components are mandatory.

           Expressions can also be used to denote calculations that should be
           performed relative to "NOW" to determine the value, ie...

                 NOW/HOUR
                    ... Round to the start of the current hour
                 NOW-1DAY
                    ... Exactly 1 day prior to now
                 NOW/DAY+6MONTHS+3DAYS
                    ... 6 months and 3 days in the future from the start of
                        the current day

           Consult the DateField javadocs for more information.

           Note: For faster range queries, consider the tdate type
        -->
        <fieldType name="date" class="solr.TrieDateField" precisionStep="0" positionIncrementGap="0"/>

        <!-- A Trie based date field for faster date range queries and date faceting. -->
        <fieldType name="tdate" class="solr.TrieDateField" precisionStep="6" positionIncrementGap="0"/>


        <!--
          Note:
          These should only be used for compatibility with existing indexes (created with older Solr versions)
          or if "sortMissingFirst" or "sortMissingLast" functionality is needed. Use Trie based fields instead.

          Plain numeric field types that store and index the text
          value verbatim (and hence don't support range queries, since the
          lexicographic ordering isn't equal to the numeric ordering)
        -->
        <fieldType name="pint" class="solr.IntField"/>
        <fieldType name="plong" class="solr.LongField"/>
        <fieldType name="pfloat" class="solr.FloatField"/>
        <fieldType name="pdouble" class="solr.DoubleField"/>
        <fieldType name="pdate" class="solr.DateField" sortMissingLast="true"/>


        <!--
          Note:
          These should only be used for compatibility with existing indexes (created with older Solr versions).
          Use Trie based fields instead. As of Solr 3.5 and 4.x, Trie based fields support sortMissingFirst/Last

          Numeric field types that manipulate the value into
          a string value that isn't human-readable in its internal form,
          but with a lexicographic ordering the same as the numeric ordering,
          so that range queries work correctly.
        -->
        <fieldType name="sint" class="solr.SortableIntField" sortMissingLast="true" omitNorms="true"/>
        <fieldType name="slong" class="solr.SortableLongField" sortMissingLast="true" omitNorms="true"/>
        <fieldType name="sfloat" class="solr.SortableFloatField" sortMissingLast="true" omitNorms="true"/>
        <fieldType name="sdouble" class="solr.SortableDoubleField" sortMissingLast="true" omitNorms="true"/>


        <!-- The "RandomSortField" is not used to store or search any
            data.  You can declare fields of this type it in your schema
            to generate pseudo-random orderings of your docs for sorting
            purposes.  The ordering is generated based on the field name
            and the version of the index, As long as the index version
            remains unchanged, and the same field name is reused,
            the ordering of the docs will be consistent.
            If you want different psuedo-random orderings of documents,
            for the same version of the index, use a dynamicField and
            change the name
        -->
        <fieldType name="random" class="solr.RandomSortField" indexed="true"/>

        <!-- solr.TextField allows the specification of custom text analyzers
            specified as a tokenizer and a list of token filters. Different
            analyzers may be specified for indexing and querying.

            The optional positionIncrementGap puts space between multiple fields of
            this type on the same document, with the purpose of preventing false phrase
            matching across fields.

            For more info on customizing your analyzer chain, please see
            http://wiki.apache.org/solr/AnalyzersTokenizersTokenFilters
        -->

        <!-- One can also specify an existing Analyzer class that has a
             default constructor via the class attribute on the analyzer element
        <fieldType name="text_greek" class="solr.TextField">
          <analyzer class="org.apache.lucene.analysis.el.GreekAnalyzer"/>
        </fieldType>
        -->

        <!-- A text field that only splits on whitespace for exact matching of words -->
        <fieldType name="text_ws" class="solr.TextField" positionIncrementGap="100">
            <analyzer>
                <tokenizer class="solr.WhitespaceTokenizerFactory"/>
            </analyzer>
        </fieldType>

        <!-- A general text field that has reasonable, generic
             cross-language defaults: it tokenizes with StandardTokenizer,
         removes stop words from case-insensitive "stopwords.txt"
         (empty by default), and down cases.  At query time only, it
         also applies synonyms. -->
        <fieldType name="text_general" class="solr.TextField" positionIncrementGap="100">
            <analyzer type="index">
                <tokenizer class="solr.StandardTokenizerFactory"/>
                <filter class="solr.StopFilterFactory" ignoreCase="true" words="stopwords.txt"
                        enablePositionIncrements="true"/>
                <!-- in this example, we will only use synonyms at query time
                <filter class="solr.SynonymFilterFactory" synonyms="index_synonyms.txt" ignoreCase="true" expand="false"/>
                -->
                <filter class="solr.LowerCaseFilterFactory"/>
            </analyzer>
            <analyzer type="query">
                <tokenizer class="solr.StandardTokenizerFactory"/>
                <filter class="solr.StopFilterFactory" ignoreCase="true" words="stopwords.txt"
                        enablePositionIncrements="true"/>
                <filter class="solr.SynonymFilterFactory" synonyms="synonyms.txt" ignoreCase="true" expand="true"/>
                <filter class="solr.LowerCaseFilterFactory"/>
            </analyzer>
        </fieldType>

        <!-- A text field with defaults appropriate for English: it
   tokenizes with StandardTokenizer, removes English stop words
   (lang/stopwords_en.txt), down cases, protects words from protwords.txt, and
   finally applies Porter's stemming.  The query time analyzer
   also applies synonyms from synonyms.txt. -->
        <fieldType name="text_en" class="solr.TextField" positionIncrementGap="100">
            <analyzer type="index">
                <tokenizer class="solr.StandardTokenizerFactory"/>
                <!-- in this example, we will only use synonyms at query time
                <filter class="solr.SynonymFilterFactory" synonyms="index_synonyms.txt" ignoreCase="true" expand="false"/>
                -->
                <!-- Case insensitive stop word removal.
                  add enablePositionIncrements=true in both the index and query
                  analyzers to leave a 'gap' for more accurate phrase queries.
                -->
                <filter class="solr.StopFilterFactory"
                        ignoreCase="true"
                        words="lang/stopwords_en.txt"
                        enablePositionIncrements="true"
                        />
                <filter class="solr.LowerCaseFilterFactory"/>
                <filter class="solr.EnglishPossessiveFilterFactory"/>
                <filter class="solr.KeywordMarkerFilterFactory" protected="protwords.txt"/>
                <!-- Optionally you may want to use this less aggressive stemmer instead of PorterStemFilterFactory:
                <filter class="solr.EnglishMinimalStemFilterFactory"/>
            -->
                <filter class="solr.PorterStemFilterFactory"/>
            </analyzer>
            <analyzer type="query">
                <tokenizer class="solr.StandardTokenizerFactory"/>
                <filter class="solr.SynonymFilterFactory" synonyms="synonyms.txt" ignoreCase="true" expand="true"/>
                <filter class="solr.StopFilterFactory"
                        ignoreCase="true"
                        words="lang/stopwords_en.txt"
                        enablePositionIncrements="true"
                        />
                <filter class="solr.LowerCaseFilterFactory"/>
                <filter class="solr.EnglishPossessiveFilterFactory"/>
                <filter class="solr.KeywordMarkerFilterFactory" protected="protwords.txt"/>
                <!-- Optionally you may want to use this less aggressive stemmer instead of PorterStemFilterFactory:
                <filter class="solr.EnglishMinimalStemFilterFactory"/>
            -->
                <filter class="solr.PorterStemFilterFactory"/>
            </analyzer>
        </fieldType>

        <!-- A text field with defaults appropriate for English, plus
     aggressive word-splitting and autophrase features enabled.
     This field is just like text_en, except it adds
     WordDelimiterFilter to enable splitting and matching of
     words on case-change, alpha numeric boundaries, and
     non-alphanumeric chars.  This means certain compound word
     cases will work, for example query "wi fi" will match
     document "WiFi" or "wi-fi".  However, other cases will still
     not match, for example if the query is "wifi" and the
     document is "wi fi" or if the query is "wi-fi" and the
     document is "wifi".
        -->
        <fieldType name="text_en_splitting" class="solr.TextField" positionIncrementGap="100"
                   autoGeneratePhraseQueries="true">
            <analyzer type="index">
                <tokenizer class="solr.WhitespaceTokenizerFactory"/>
                <!-- in this example, we will only use synonyms at query time
                <filter class="solr.SynonymFilterFactory" synonyms="index_synonyms.txt" ignoreCase="true" expand="false"/>
                -->
                <!-- Case insensitive stop word removal.
                  add enablePositionIncrements=true in both the index and query
                  analyzers to leave a 'gap' for more accurate phrase queries.
                -->
                <filter class="solr.StopFilterFactory"
                        ignoreCase="true"
                        words="lang/stopwords_en.txt"
                        enablePositionIncrements="true"
                        />
                <filter class="solr.WordDelimiterFilterFactory" generateWordParts="1" generateNumberParts="1"
                        catenateWords="1" catenateNumbers="1" catenateAll="0" splitOnCaseChange="1"/>
                <filter class="solr.LowerCaseFilterFactory"/>
                <filter class="solr.KeywordMarkerFilterFactory" protected="protwords.txt"/>
                <filter class="solr.PorterStemFilterFactory"/>
            </analyzer>
            <analyzer type="query">
                <tokenizer class="solr.WhitespaceTokenizerFactory"/>
                <filter class="solr.SynonymFilterFactory" synonyms="synonyms.txt" ignoreCase="true" expand="true"/>
                <filter class="solr.StopFilterFactory"
                        ignoreCase="true"
                        words="lang/stopwords_en.txt"
                        enablePositionIncrements="true"
                        />
                <filter class="solr.WordDelimiterFilterFactory" generateWordParts="1" generateNumberParts="1"
                        catenateWords="0" catenateNumbers="0" catenateAll="0" splitOnCaseChange="1"/>
                <filter class="solr.LowerCaseFilterFactory"/>
                <filter class="solr.KeywordMarkerFilterFactory" protected="protwords.txt"/>
                <filter class="solr.PorterStemFilterFactory"/>
            </analyzer>
        </fieldType>

        <!-- Less flexible matching, but less false matches.  Probably not ideal for product names,
but may be good for SKUs.  Can insert dashes in the wrong place and still match. -->
        <fieldType name="text_en_splitting_tight" class="solr.TextField" positionIncrementGap="100"
                   autoGeneratePhraseQueries="true">
            <analyzer>
                <tokenizer class="solr.WhitespaceTokenizerFactory"/>
                <filter class="solr.SynonymFilterFactory" synonyms="synonyms.txt" ignoreCase="true" expand="false"/>
                <filter class="solr.StopFilterFactory" ignoreCase="true" words="lang/stopwords_en.txt"/>
                <filter class="solr.WordDelimiterFilterFactory" generateWordParts="0" generateNumberParts="0"
                        catenateWords="1" catenateNumbers="1" catenateAll="0"/>
                <filter class="solr.LowerCaseFilterFactory"/>
                <filter class="solr.KeywordMarkerFilterFactory" protected="protwords.txt"/>
                <filter class="solr.EnglishMinimalStemFilterFactory"/>
                <!-- this filter can remove any duplicate tokens that appear at the same position - sometimes
         possible with WordDelimiterFilter in conjuncton with stemming. -->
                <filter class="solr.RemoveDuplicatesTokenFilterFactory"/>
            </analyzer>
        </fieldType>

        <!-- Just like text_general except it reverses the characters of
         each token, to enable more efficient leading wildcard queries. -->
        <fieldType name="text_general_rev" class="solr.TextField" positionIncrementGap="100">
            <analyzer type="index">
                <tokenizer class="solr.StandardTokenizerFactory"/>
                <filter class="solr.StopFilterFactory" ignoreCase="true" words="stopwords.txt"
                        enablePositionIncrements="true"/>
                <filter class="solr.LowerCaseFilterFactory"/>
                <filter class="solr.ReversedWildcardFilterFactory" withOriginal="true"
                        maxPosAsterisk="3" maxPosQuestion="2" maxFractionAsterisk="0.33"/>
            </analyzer>
            <analyzer type="query">
                <tokenizer class="solr.StandardTokenizerFactory"/>
                <filter class="solr.SynonymFilterFactory" synonyms="synonyms.txt" ignoreCase="true" expand="true"/>
                <filter class="solr.StopFilterFactory" ignoreCase="true" words="stopwords.txt"
                        enablePositionIncrements="true"/>
                <filter class="solr.LowerCaseFilterFactory"/>
            </analyzer>
        </fieldType>

        <!-- charFilter + WhitespaceTokenizer  -->
        <!--
        <fieldType name="text_char_norm" class="solr.TextField" positionIncrementGap="100" >
          <analyzer>
            <charFilter class="solr.MappingCharFilterFactory" mapping="mapping-ISOLatin1Accent.txt"/>
            <tokenizer class="solr.WhitespaceTokenizerFactory"/>
          </analyzer>
        </fieldType>
        -->

        <!-- This is an example of using the KeywordTokenizer along
           With various TokenFilterFactories to produce a sortable field
           that does not include some properties of the source text
        -->
        <fieldType name="alphaOnlySort" class="solr.TextField" sortMissingLast="true" omitNorms="true">
            <analyzer>
                <!-- KeywordTokenizer does no actual tokenizing, so the entire
                   input string is preserved as a single token
                -->
                <tokenizer class="solr.KeywordTokenizerFactory"/>
                <!-- The LowerCase TokenFilter does what you expect, which can be
                   when you want your sorting to be case insensitive
                -->
                <filter class="solr.LowerCaseFilterFactory"/>
                <!-- The TrimFilter removes any leading or trailing whitespace -->
                <filter class="solr.TrimFilterFactory"/>
                <!-- The PatternReplaceFilter gives you the flexibility to use
                   Java Regular expression to replace any sequence of characters
                   matching a pattern with an arbitrary replacement string,
                   which may include back references to portions of the original
                   string matched by the pattern.

                   See the Java Regular Expression documentation for more
                   information on pattern and replacement string syntax.

                   http://java.sun.com/j2se/1.5.0/docs/api/java/util/regex/package-summary.html
                -->
                <filter class="solr.PatternReplaceFilterFactory"
                        pattern="([^a-z])" replacement="" replace="all"
                        />
            </analyzer>
        </fieldType>

        <fieldtype name="phonetic" stored="false" indexed="true" class="solr.TextField">
            <analyzer>
                <tokenizer class="solr.StandardTokenizerFactory"/>
                <filter class="solr.DoubleMetaphoneFilterFactory" inject="false"/>
            </analyzer>
        </fieldtype>

        <fieldtype name="payloads" stored="false" indexed="true" class="solr.TextField">
            <analyzer>
                <tokenizer class="solr.WhitespaceTokenizerFactory"/>
                <!--
               The DelimitedPayloadTokenFilter can put payloads on tokens... for example,
               a token of "foo|1.4"  would be indexed as "foo" with a payload of 1.4f
               Attributes of the DelimitedPayloadTokenFilterFactory :
                "delimiter" - a one character delimiter. Default is | (pipe)
            "encoder" - how to encode the following value into a playload
               float -> org.apache.lucene.analysis.payloads.FloatEncoder,
               integer -> o.a.l.a.p.IntegerEncoder
               identity -> o.a.l.a.p.IdentityEncoder
                   Fully Qualified class name implementing PayloadEncoder, Encoder must have a no arg constructor.
                -->
                <filter class="solr.DelimitedPayloadTokenFilterFactory" encoder="float"/>
            </analyzer>
        </fieldtype>

        <!-- lowercases the entire field value, keeping it as a single token.  -->
        <fieldType name="lowercase" class="solr.TextField" positionIncrementGap="100">
            <analyzer>
                <tokenizer class="solr.KeywordTokenizerFactory"/>
                <filter class="solr.LowerCaseFilterFactory"/>
            </analyzer>
        </fieldType>

        <fieldType name="text_path" class="solr.TextField" positionIncrementGap="100">
            <analyzer>
                <tokenizer class="solr.PathHierarchyTokenizerFactory"/>
            </analyzer>
        </fieldType>

        <!-- since fields of this type are by default not stored or indexed,
any data added to them will be ignored outright.  -->
        <fieldtype name="ignored" stored="false" indexed="false" multiValued="true" class="solr.StrField"/>

        <!-- This point type indexes the coordinates as separate fields (subFields)
         If subFieldType is defined, it references a type, and a dynamic field
         definition is created matching *___<typename>.  Alternately, if
         subFieldSuffix is defined, that is used to create the subFields.
         Example: if subFieldType="double", then the coordinates would be
           indexed in fields myloc_0___double,myloc_1___double.
         Example: if subFieldSuffix="_d" then the coordinates would be indexed
           in fields myloc_0_d,myloc_1_d
         The subFields are an implementation detail of the fieldType, and end
         users normally should not need to know about them.
        -->
        <fieldType name="point" class="solr.PointType" dimension="2" subFieldSuffix="_d"/>

        <!-- A specialized field for geospatial search. If indexed, this fieldType must not be multivalued. -->
        <fieldType name="location" class="solr.LatLonType" subFieldSuffix="_coordinate"/>

        <!--
         A Geohash is a compact representation of a latitude longitude pair in a single field.
         See http://wiki.apache.org/solr/SpatialSearch
        -->
        <fieldtype name="geohash" class="solr.GeoHashField"/>

        <!-- Money/currency field type. See http://wiki.apache.org/solr/MoneyFieldType
             Parameters:
               defaultCurrency: Specifies the default currency if none specified. Defaults to "USD"
               precisionStep:   Specifies the precisionStep for the TrieLong field used for the amount
               providerClass:   Lets you plug in other exchange provider backend:
                                solr.FileExchangeRateProvider is the default and takes one parameter:
                                  currencyConfig: name of an xml file holding exhange rates
        -->
        <fieldType name="currency" class="solr.CurrencyField" precisionStep="8" defaultCurrency="USD"
                   currencyConfig="currency.xml"/>

        <fieldType name="gw_unanalyzed" class="solr.StrField" sortMissingLast="true" omitNorms="true"
                   omitTermFreqAndPositions="false"/>

        <fieldType name="gw_analyzed" class="solr.TextField" sortMissingLast="true" omitNorms="true"
                   omitTermFreqAndPositions="false">
            <analyzer type="index">
                <tokenizer class="solr.StandardTokenizerFactory"/>
                <filter class="solr.ASCIIFoldingFilterFactory"/>
                <filter class="solr.LowerCaseFilterFactory"/>
            </analyzer>
            <analyzer type="query">
                <tokenizer class="solr.StandardTokenizerFactory"/>
                <filter class="solr.ASCIIFoldingFilterFactory"/>
                <filter class="solr.LowerCaseFilterFactory"/>
            </analyzer>
        </fieldType>

        <fieldType name="gw_prefix" class="solr.TextField" sortMissingLast="true" omitNorms="true"
                   omitTermFreqAndPositions="false">
            <analyzer type="index">
                <tokenizer class="solr.StandardTokenizerFactory"/>
                <filter class="solr.ASCIIFoldingFilterFactory"/>
                <filter class="solr.LowerCaseFilterFactory"/>
                <filter class="solr.EdgeNGramFilterFactory" minGramSize="1" maxGramSize="25" side="front"/>
            </analyzer>
            <analyzer type="query">
                <tokenizer class="solr.StandardTokenizerFactory"/>
                <filter class="solr.ASCIIFoldingFilterFactory"/>
                <filter class="solr.LowerCaseFilterFactory"/>
            </analyzer>
        </fieldType>

        <fieldType name="gw_prefix_3" class="solr.TextField" sortMissingLast="true" omitNorms="true"
                   omitTermFreqAndPositions="false">
            <analyzer type="index">
                <tokenizer class="solr.StandardTokenizerFactory"/>
                <filter class="solr.LowerCaseFilterFactory"/>
                <filter class="solr.EdgeNGramFilterFactory" minGramSize="3" maxGramSize="25" side="front"/>
            </analyzer>
            <analyzer type="query">
                <tokenizer class="solr.StandardTokenizerFactory"/>
                <filter class="solr.LowerCaseFilterFactory"/>
            </analyzer>
        </fieldType>

        <fieldType name="gw_synonym" class="solr.TextField" omitNorms="true" omitTermFreqAndPositions="false">
            <analyzer type="index">
                <tokenizer class="solr.StandardTokenizerFactory"/>
                <filter class="solr.ASCIIFoldingFilterFactory"/>
                <filter class="solr.LowerCaseFilterFactory"/>
                <filter class="solr.SynonymFilterFactory" synonyms="english_synonyms.txt" ignoreCase="true" expand="true"/>
                <filter class="solr.RemoveDuplicatesTokenFilterFactory"/>
            </analyzer>
            <analyzer type="query">
                <tokenizer class="solr.StandardTokenizerFactory"/>
                <filter class="solr.ASCIIFoldingFilterFactory"/>
                <filter class="solr.LowerCaseFilterFactory"/>
            </analyzer>
        </fieldType>

        <fieldType name="gw_phonetic" class="solr.TextField" omitNorms="true" omitTermFreqAndPositions="false">
            <analyzer type="index">
                <tokenizer class="solr.StandardTokenizerFactory"/>
                <!-- ASCIIFolding required.  SoundEx only supports US-ASCII and DoubleMetaphone only supports some accents -->
                <filter class="solr.ASCIIFoldingFilterFactory"/>
                <filter class="solr.PhoneticFilterFactory" encoder="DoubleMetaphone" inject="false"/>
            </analyzer>
            <analyzer type="query">
                <tokenizer class="solr.StandardTokenizerFactory"/>
                <!-- ASCIIFolding required.  SoundEx only supports US-ASCII and DoubleMetaphone only supports some accents -->
                <filter class="solr.ASCIIFoldingFilterFactory"/>
                <filter class="solr.PhoneticFilterFactory" encoder="DoubleMetaphone" inject="false"/>
            </analyzer>
        </fieldType>

        <fieldType name="gw_phone" class="solr.TextField" omitNorms="true" omitTermFreqAndPositions="false">
            <analyzer type="index">
                <tokenizer class="solr.KeywordTokenizerFactory"/>
                <filter class="solr.PatternReplaceFilterFactory" pattern="[^a-zA-Z0-9 ]" replacement="" replace="all"/>
                <filter class="solr.TrimFilterFactory"/>
                <filter class="com.guidewire.solr.analyzers.phone.PhoneFilterFactory" region="US"/>
            </analyzer>
            <analyzer type="query">
                <tokenizer class="solr.KeywordTokenizerFactory"/>
                <filter class="solr.PatternReplaceFilterFactory" pattern="[^a-zA-Z0-9 ]" replacement="" replace="all"/>
                <filter class="solr.TrimFilterFactory"/>
                <filter class="com.guidewire.solr.analyzers.phone.PhoneQueryFilterFactory" region="US"/>
            </analyzer>
        </fieldType>

        <fieldType name="gw_date" class="solr.TrieDateField" omitNorms="true" omitTermFreqAndPositions="false"/>

        <fieldType name="gw_partial" class="solr.TextField" sortMissingLast="true" omitNorms="true"
                   omitTermFreqAndPositions="false">
            <analyzer type="index">
                <tokenizer class="solr.StandardTokenizerFactory"/>
                <filter class="solr.LowerCaseFilterFactory"/>
                <!-- careful not to make the minGramSize too small.  The results quality suffers-you
  don't want to match every "e" in the field!-and the document size grows enormously. -->
                <filter class="solr.NGramFilterFactory" minGramSize="4" maxGramSize="12"/>
            </analyzer>
            <analyzer type="query">
                <tokenizer class="solr.StandardTokenizerFactory"/>
                <filter class="solr.LowerCaseFilterFactory"/>
            </analyzer>
        </fieldType>

    </types>

    <!-- PC document format -->

    <fields>
        <!-- Valid attributes for fields:
          name: mandatory - the name for the field
          type: mandatory - the name of a previously defined type from the
            <types> section
          indexed: true if this field should be indexed (searchable or sortable)
          stored: true if this field should be retrievable
          multiValued: true if this field may contain multiple values per document
          omitNorms: (expert) set to true to omit the norms associated with
            this field (this disables length normalization and index-time
            boosting for the field, and saves some memory).  Only full-text
            fields or fields that need an index-time boost need norms.
            Norms are omitted for primitive (non-analyzed) types by default.
          termVectors: [false] set to true to store the term vector for a
            given field.
            When using MoreLikeThis, fields used for similarity should be
            stored for best performance.
          termPositions: Store position information with the term vector.
            This will increase storage costs.
          termOffsets: Store offset information with the term vector. This
            will increase storage costs.
          default: a value that should be used if no value is specified
            when adding a document.
        -->

        <field name="urn" type="gw_unanalyzed" indexed="true" stored="true" required="true"/>
        <field name="periodID" type="gw_unanalyzed" indexed="true" stored="true" required="true"/>
        <field name="policyPublicID" type="gw_unanalyzed" indexed="true" stored="true" required="true"/>
        <field name="periodStatus" type="gw_unanalyzed" indexed="true" stored="true" required="true"/>

        <field name="policyNumber" type="gw_analyzed" indexed="true" stored="true" required="false"/>
        <field name="policyNumberPrefix" type="gw_prefix_3" indexed="true" stored="false" required="false"/>
        <field name="policyNumberPartial" type="gw_partial" indexed="true" stored="false" required="false"/>

        <field name="fullName" type="gw_analyzed" indexed="true" stored="true" required="false"/>
        <field name="fullNamePrefix" type="gw_prefix" indexed="true" stored="false" required="false"/>
        <field name="fullNamePartial" type="gw_partial" indexed="true" stored="false" required="false"/>
        <field name="fullNameSynonym" type="gw_synonym" indexed="true" stored="false" required="false"/>
        <field name="fullNameSoundex" type="gw_phonetic" indexed="true" stored="false" required="false"/>         <!-- TODO: change Soundex to Phonetic, here and in policy-search-config.xml -->

        <field name="ANIfullName" type="gw_analyzed" indexed="true" stored="true" required="false" multiValued="true"/>
        <field name="ANIfullNamePrefix" type="gw_prefix" indexed="true" stored="false" required="false"
               multiValued="true"/>
        <field name="ANIfullNamePartial" type="gw_partial" indexed="true" stored="false" required="false"
               multiValued="true"/>
        <field name="ANIfullNameSynonym" type="gw_synonym" indexed="true" stored="false" required="false"
               multiValued="true"/>
        <field name="ANIfullNameSoundex" type="gw_phonetic" indexed="true" stored="false" required="false"
               multiValued="true"/>

        <field name="companyName" type="gw_analyzed" indexed="true" stored="true" required="false"/>
        <field name="companyNamePrefix" type="gw_prefix" indexed="true" stored="false" required="false"/>
        <field name="companyNamePartial" type="gw_partial" indexed="true" stored="false" required="false"/>
        <field name="companyNameSoundex" type="gw_phonetic" indexed="true" stored="false" required="false"/>

        <field name="ANIcompanyName" type="gw_analyzed" indexed="true" stored="true" required="false"
               multiValued="true"/>
        <field name="ANIcompanyNamePrefix" type="gw_prefix" indexed="true" stored="false" required="false"
               multiValued="true"/>
        <field name="ANIcompanyNamePartial" type="gw_partial" indexed="true" stored="false" required="false"
               multiValued="true"/>
        <field name="ANIcompanyNameSoundex" type="gw_phonetic" indexed="true" stored="false" required="false"
               multiValued="true"/>

        <field name="addressLine1" type="gw_analyzed" indexed="true" stored="true" required="false"
               multiValued="false"/>
        <field name="addressLine1Prefix" type="gw_prefix" indexed="true" stored="false" required="false"/>
        <field name="addressLine1Partial" type="gw_partial" indexed="true" stored="false" required="false"/>
        <field name="addressLine1Soundex" type="gw_phonetic" indexed="true" stored="false" required="false"/>

        <field name="city" type="gw_analyzed" indexed="true" stored="true" required="false" multiValued="false"/>
        <field name="cityPrefix" type="gw_prefix" indexed="true" stored="false" required="false"/>
        <field name="cityPartial" type="gw_partial" indexed="true" stored="false" required="false"/>
        <field name="citySoundex" type="gw_phonetic" indexed="true" stored="false" required="false"/>

        <field name="state" type="gw_unanalyzed" indexed="true" stored="true" required="false" multiValued="false"/>
        <field name="postalCode" type="gw_unanalyzed" indexed="true" stored="true" required="false"
               multiValued="false"/>

        <field name="product" type="gw_unanalyzed" indexed="true" stored="true" required="false" multiValued="false"/>
        <field name="jurisdiction" type="gw_unanalyzed" indexed="true" stored="true" required="false"
               multiValued="false"/>
        <field name="officialId" type="gw_unanalyzed" indexed="true" stored="true" required="false" multiValued="false"/>
        <field name="phone" type="gw_phone" indexed="true" stored="true" required="false" multiValued="true"/>

        <field name="policyStart" type="gw_date" indexed="true" stored="true" required="false"/>
        <field name="policyEnd" type="gw_date" indexed="true" stored="true" required="false"/>
        <field name="periodStart" type="gw_date" indexed="false" stored="true" required="true"/>
        <field name="periodEnd" type="gw_date" indexed="false" stored="true" required="true"/>
        <field name="sliceDate" type="gw_date" indexed="false" stored="true" required="true"/>
        <field name="jobType" type="gw_unanalyzed" indexed="true" stored="true" required="true"/>

        <field name="producer" type="gw_unanalyzed" indexed="true" stored="true" required="false" multiValued="false"/>
        <field name="producerCodeOfService" type="gw_unanalyzed" indexed="true" stored="true" required="false"
               multiValued="false"/>
        <field name="_version_" type="long" indexed="true" stored="true"/> <!-- required for SolrCloud server -->

    </fields>

    <!-- Field to use to determine and enforce document uniqueness.
       Unless this field is marked with required="false", it will be a required field
    -->
    <uniqueKey>urn</uniqueKey>

    <!-- field for the QueryParser to use when an explicit fieldname is absent -->
    <defaultSearchField>policyNumber</defaultSearchField>

    <!-- SolrQueryParser configuration: defaultOperator="AND|OR" -->
    <solrQueryParser defaultOperator="OR"/>

    <!-- copyField commands copy one field to another at the time a document
is added to the index.  It's used either to index the same field differently,
or to add multiple fields to the same field for easier/faster searching.  -->
    <copyField source="policyNumber" dest="policyNumberPrefix"/>
    <copyField source="policyNumber" dest="policyNumberPartial"/>

    <copyField source="fullName" dest="fullNamePrefix"/>
    <copyField source="fullName" dest="fullNameSynonym"/>
    <copyField source="fullName" dest="fullNamePartial"/>
    <copyField source="fullName" dest="fullNameSoundex"/>
    <copyField source="companyName" dest="companyNamePrefix"/>
    <copyField source="companyName" dest="companyNamePartial"/>
    <copyField source="companyName" dest="companyNameSoundex"/>

    <copyField source="ANIfullName" dest="ANIfullNamePrefix"/>
    <copyField source="ANIfullName" dest="ANIfullNamePartial"/>
    <copyField source="ANIfullName" dest="ANIfullNameSynonym"/>
    <copyField source="ANIfullName" dest="ANIfullNameSoundex"/>
    <copyField source="ANIcompanyName" dest="ANIcompanyNamePrefix"/>
    <copyField source="ANIcompanyName" dest="ANIcompanyNamePartial"/>
    <copyField source="ANIcompanyName" dest="ANIcompanyNameSoundex"/>

    <copyField source="addressLine1" dest="addressLine1Prefix"/>
    <copyField source="addressLine1" dest="addressLine1Soundex"/>
    <copyField source="addressLine1" dest="addressLine1Partial"/>
    <copyField source="city" dest="cityPrefix"/>
    <copyField source="city" dest="citySoundex"/>
    <copyField source="city" dest="cityPartial"/>


    <!-- Above, multiple source fields are copied to the [text] field.
        Another way to map multiple source fields to the same
        destination field is to use the dynamic field syntax.
        copyField also supports a maxChars to copy setting.  -->

    <!-- <copyField source="*_t" dest="text" maxChars="3000"/> -->

    <!-- copy name to alphaNameSort, a field designed for sorting by name -->
    <!-- <copyField source="name" dest="alphaNameSort"/> -->


    <!-- Similarity is the scoring routine for each document vs. a query.
A custom similarity may be specified here, but the default is fine
for most applications.  -->
    <!-- <similarity class="org.apache.lucene.search.DefaultSimilarity"/> -->
    <!-- ... OR ...
         Specify a SimilarityFactory class name implementation
         allowing parameters to be used.
    -->
    <!--
    <similarity class="com.example.solr.CustomSimilarityFactory">
      <str name="paramkey">param value</str>
    </similarity>
    -->


</schema>
